Population,Individual,Lat,Lon
Hypox_ER,C_19_100,-33.24706824,-58.57733865
Hypox_ER,C_19_101,-33.24706824,-58.57733865
Hypox_ER,C_19_111,-33.24706824,-58.57733865
Hypox_ER,C_19_112,-33.24706824,-58.57733865
Hypox_ER,C_19_113,-33.24706824,-58.57733865
Hypox_MC,C_19_130,-30.92517339,-62.68159452
Hypox_MC,C_19_135,-30.93233444,-62.68332494
Hypox_ER,C_19_83,-33.30056,-58.59309
Hypox_ER,C_19_85,-33.30208495,-58.59409388
Hypox_ER,C_19_86,-33.30208495,-58.59409388
Hypox_ER,C_19_87,-33.27551334,-58.57777395
Hypox_ER,C_19_98,-33.25984355,-58.57489077
Hypox_EI,C18_10,-28.62226232,-57.29388709
Hypox_EI,C18_23,-28.62774276,-57.28705614
Hypox_EI,C18_30,-28.66278132,-57.33939925
Hypox_EI,C18_38,-28.68720956,-57.40407144
Hypox_EI,C18_4,-28.68720608,-57.39816178
Hypox_EI,C18_40,-28.64492668,-57.30317615
Hypox_EI,C18_41,-28.61115488,-57.2675065
Hypox_EI,C18_42,-28.61417108,-57.27093589
Hypox_EI,C18_43,-28.61417108,-57.27093589
Hypox_EI,C18_44,-28.63832115,-57.42743791
Hypox_EI,C18_47,-28.66392484,-57.34161608
Hypox_EI,C18_5,-28.68720608,-57.39816178
Hypox_EI,C18_6,-28.68720608,-57.39816178
Ibe_EI,C18_11,-28.623881,-57.293218
Ibe_EI,C18_12,-28.623881,-57.293218
Ibe_EI,C18_26,-28.63067235,-57.2905995
Ibe_EI,C18_49,-28.62814153,-57.29159412
Ibe_EI,C18_50,-28.62814153,-57.29159412
Ibe_EI,C18_51,-28.62814153,-57.29159412
Pal_EI,C_18_53,-28.63544932,-57.29243607
Pal_EI,C_18_54,-28.63544932,-57.29243607
Pal_EI,C_18_55,-28.63694734,-57.294292
Pal_EI,C_18_56,-28.63694734,-57.294292
Pal_EI,C_18_57,-28.63694734,-57.294292
Pal_EI,C_18_58,-28.63694734,-57.294292
Pal_EI,C_18_59,-28.6634,-57.3353
Pal_EI,C_18_60,-28.6634,-57.3353
Pal_EI,C_18_61,-28.67133805,-57.37337431
Pal_EI,C_18_62,-28.66569459,-57.35942921
Pal_EI,C_18_63,-28.67144506,-57.37321035
Pal_EI,C_18_64,-28.63231994,-57.2892276
Pal_EI,C_18_65,-28.63416104,-57.29117077
Pal_EI,C_18_66,-28.63722752,-57.29475776
Pal_EI,C_18_67,-28.63982048,-57.29711838
Pal_EI,C_18_68,-28.63855591,-57.29578713
Pal_EI,C_18_69,-28.63134484,-57.28843179
Pal_EI,C_18_70,-28.63251253,-57.28976582
Pal_EI,C_18_71,-28.63251253,-57.28976582
Pal_EI,C_18_73,-28.62940469,-57.29117127
Pal_EI,C_18_74,-28.65483194,-57.31417343
Pal_EI,C_18_76,-28.65483194,-57.31417343
Pal_EI,C_18_77,-28.66265393,-57.33491195
Pal_EI,C_18_78,-28.66265393,-57.33491195
Pal_EI,C18_13,-28.65941597,-57.31937581
Pal_EI,C18_14,-28.65941597,-57.31937581
Pal_EI,C18_15,-28.623881,-57.293218
Pal_EI,C18_28,-28.62892222,-57.29238702
Pal_EI,C18_29,-28.64577769,-57.30333629
Ruf_ER,C_19_105,-32.8501,-58.5887
Ruf_ER,C_19_108,-32.8501,-58.5887
Ruf_ER,C_19_109,-32.8501,-58.5887
Ruf_Sal,C_19_149,-24.73253356,-65.42282122
Ruf_Sal,C_19_151,-24.73253356,-65.42282122
Ruf_Sal,C_19_154,-24.84884696,-65.50335311
Ruf_Sal,C_19_155,-24.84884696,-65.50335311
Ruf_Sal,C_19_158,-24.84884696,-65.50335311
Ruf_Sal,C_19_161,-24.84884696,-65.50335311
Ruf_Sal,C_19_162,-24.84884696,-65.50335311
Ruf_Sal,C_19_163,-24.84884696,-65.50335311
Ruf_Sal,C_19_165,-24.74784311,-65.41858857
Ruf_Sal,C_19_166,-24.74784311,-65.41858857
Ruf_Sal,C_19_167,-24.74784311,-65.41858857
Ruf_ER,C_19_84,-33.23222502,-58.55643691
Ruf_ER,C_19_88,-33.27551334,-58.57777395
Ruf_ER,C_19_89,-33.27551334,-58.57777395
Ruf_ER,C_19_90,-33.27551334,-58.57777395
Ruf_ER,C_19_91,-33.27551334,-58.57777395
Ruf_ER,C_19_92,-33.27551334,-58.57777395
