Individual,Especie,Population,Lat,Lon
C_19_100,Hypox,Hypox_ER,-33.24706824,-58.57733865
C_19_111,Hypox,Hypox_ER,-33.24706824,-58.57733865
C_19_112,Hypox,Hypox_ER,-33.24706824,-58.57733865
C_19_113,Hypox,Hypox_ER,-33.24706824,-58.57733865
C_19_127,Hypox,Hypox_MC,-30.92461282,-62.68194824
C_19_130,Hypox,Hypox_MC,-30.92517339,-62.68159452
C_19_133,Hypox,Hypox_MC,-30.9326276,-62.68163287
C_19_135,Hypox,Hypox_MC,-30.9326276,-62.68163287
C_19_83,Hypox,Hypox_ER,-33.30056,-58.59309
C_19_86,Hypox,Hypox_ER,-33.30208495,-58.59409388
C_19_87,Hypox,Hypox_ER,-33.27551334,-58.57777395
C_19_95,Hypox,Hypox_ER,-33.25984355,-58.57489077
C18_10,Hypox,Hypox_EI,-28.62226232,-57.29388709
C18_16,Hypox,Hypox_EI,-28.644271,-57.30206473
C18_19,Hypox,Hypox_EI,-28.644271,-57.30206473
C18_21,Hypox,Hypox_EI,-28.62531469,-57.29277392
C18_30,Hypox,Hypox_EI,-28.66278132,-57.33939925
C18_31,Hypox,Hypox_EI,-28.64577769,-57.30333629
C18_38,Hypox,Hypox_EI,-28.68720956,-57.40407144
C18_4,Hypox,Hypox_EI,-28.68720608,-57.39816178
C18_40,Hypox,Hypox_EI,-28.66622696,-57.36332138
C18_41,Hypox,Hypox_EI,-28.63982048,-57.29711838
C18_42,Hypox,Hypox_EI,-28.61417108,-57.27093589
C18_43,Hypox,Hypox_EI,-28.61417108,-57.27093589
C18_44,Hypox,Hypox_EI,-28.63832115,-57.42743791
C18_47,Hypox,Hypox_EI,-28.65483194,-57.31417343
C18_5,Hypox,Hypox_EI,-28.68720608,-57.39816178
C18_6,Hypox,Hypox_EI,-28.68720608,-57.39816178
C18_7,Hypox,Hypox_EI,-28.68720608,-57.39816178
C18_8,Hypox,Hypox_EI,-28.67788238,-57.38351702
C18_11,Ibe,Ibe_EI,-28.623881,-57.293218
C18_12,Ibe,Ibe_EI,-28.623881,-57.293218
C18_50,Ibe,Ibe_EI,-28.62814153,-57.29159412
C18_51,Ibe,Ibe_EI,-28.62814153,-57.29159412
C18_52,Ibe,Ibe_EI,-28.62814153,-57.29159412
C_18_53,Pal,Pal_EI,-28.63544932,-57.29243607
C_18_54,Pal,Pal_EI,-28.63544932,-57.29243607
C_18_56,Pal,Pal_EI,-28.63694734,-57.294292
C_18_59,Pal,Pal_EI,-28.6634,-57.3353
C_18_60,Pal,Pal_EI,-28.6634,-57.3353
C_18_61,Pal,Pal_EI,-28.67133805,-57.37337431
C_18_64,Pal,Pal_EI,-28.63231994,-57.2892276
C_18_67,Pal,Pal_EI,-28.63982048,-57.29711838
C_18_68,Pal,Pal_EI,-28.63855591,-57.29578713
C_18_69,Pal,Pal_EI,-28.63134484,-57.28843179
C_18_71,Pal,Pal_EI,-28.63251253,-57.28976582
C_18_78,Pal,Pal_EI,-28.66265393,-57.33491195
C_18_81,Ruf,Ruf_ER,-33.22646524,-58.56870743
C_19_104,Ruf,Ruf_ER,-33.24706824,-58.57733865
C_19_105,Ruf,Ruf_ER,-32.8501,-58.5887
C_19_107,Ruf,Ruf_ER,-32.8501,-58.5887
C_19_108,Ruf,Ruf_ER,-32.8501,-58.5887
C_19_109,Ruf,Ruf_ER,-32.8501,-58.5887
C_19_116,Ruf,Ruf_E,-31.60997386,-61.13111314
C_19_118,Ruf,Ruf_E,-31.60997386,-61.13111314
C_19_120,Ruf,Ruf_E,-31.60997386,-61.13111314
C_19_121,Ruf,Ruf_E,-31.60997386,-61.13111314
C_19_122,Ruf,Ruf_E,-31.60997386,-61.13111314
C_19_124,Ruf,Ruf_E,-31.60997386,-61.13111314
C_19_129,Ruf,Ruf_MC,-30.92954844,-62.68165156
C_19_136,Ruf,Ruf_MC,-30.92954844,-62.68165156
C_19_140,Ruf,Ruf_MC,-30.92954844,-62.68165156
C_19_141,Ruf,Ruf_MC,-31.02200772,-62.67538969
C_19_142,Ruf,Ruf_MC,-31.02200772,-62.67538969
C_19_146,Ruf,Ruf_MC,-31.02200772,-62.67538969
C_19_147,Ruf,Ruf_MC,-31.02200772,-62.67538969
C_19_148,Ruf,Ruf_Sal,-24.73253356,-65.42282122
C_19_149,Ruf,Ruf_Sal,-24.73253356,-65.42282122
C_19_151,Ruf,Ruf_Sal,-24.73253356,-65.42282122
C_19_154,Ruf,Ruf_Sal,-24.84884696,-65.50335311
C_19_155,Ruf,Ruf_Sal,-24.84884696,-65.50335311
C_19_168,Ruf,Ruf_Sal,-24.74784311,-65.41858857
C_19_82,Ruf,Ruf_ER,-33.22646524,-58.56870743
C_19_88,Ruf,Ruf_ER,-33.27551334,-58.57777395
C_19_89,Ruf,Ruf_ER,-33.27551334,-58.57777395
C_19_90,Ruf,Ruf_ER,-33.27551334,-58.57777395
C_19_92,Ruf,Ruf_ER,-33.27551334,-58.57777395
C_19_94,Ruf,Ruf_ER,-33.27551334,-58.57777395
C_19_96,Ruf,Ruf_ER,-33.27551334,-58.57777395
